episode,reward,entropy,kl_div,variance
0,1.3295404762029648,140.1675262451172,0.0,108.45075225830078
1,1.3372627049684525,140.1675262451172,0.0,106.43566131591797
