episode,reward,entropy,kl_div,variance
0,10.97882786989212,4.966678142547607,7.353385626629461e-06,117.38263702392578
