episode,reward,entropy,kl_div,variance
0,2.5944129675626755,281.8446350097656,,104.71595764160156
1,2.6298829168081284,281.8446350097656,,106.72249603271484
