episode,reward,entropy,kl_div,variance
0,2.572814330458641,281.80279541015625,,101.6169204711914
1,2.759882852435112,281.80279541015625,,104.75314331054688
2,2.842569187283516,281.8028259277344,,106.4563217163086
